id,price,bedrooms,bathrooms
1,872978.86,5,1.5
2,1593678.65,5,3
3,639470.66,1,4
4,1865473.24,3,3
5,1418225.53,1,1.5
6,1077099.17,4,4
7,143931.4,4,2
8,314073.0,2,3
9,334883.47,2,2.5
10,824944.6,2,2.5
11,871407.2,4,1.5
12,351113.57,1,2.5
13,1595723.26,3,3.5
14,1485641.17,5,2
15,1130549.15,3,1
16,1847004.76,3,1.5
17,1791314.9,1,2
18,784874.92,1,3.5
19,135277.78,1,4
20,1118084.45,5,1.5
21,518240.42,5,2.5
22,1171540.61,5,4
23,1662211.86,2,1
24,1085209.26,1,1
25,1990785.6,1,2.5
26,1397348.45,3,1
27,642623.63,5,3.5
28,520347.27,4,2.5
29,505090.11,4,1
30,721326.75,4,2
31,1782022.65,3,2
32,157004.5,1,2
33,1641019.35,1,3
34,1429686.08,3,1.5
35,1371100.95,2,1.5
36,431086.9,2,1.5
37,718674.81,5,4
38,1697060.46,5,1
39,1792619.19,3,2
40,622671.89,1,1.5
41,1758426.22,5,2
42,1583219.86,4,2.5
43,272747.06,2,1
44,860798.54,4,4
45,501810.36,1,3.5
46,1950926.11,2,3.5
47,708945.62,5,2.5
48,1756072.92,1,3
49,949213.74,5,4
50,1605159.31,2,3.5
51,678294.73,1,2
52,580300.13,2,2
53,948310.54,3,2.5
54,337813.35,5,3.5
55,616349.25,4,2.5
56,1675539.66,3,3
57,1034411.27,2,4
58,1592230.01,5,2.5
59,1654202.17,2,1.5
60,279192.68,5,1.5
61,1501776.95,4,2.5
62,1974682.77,4,1.5
63,156289.19,5,3.5
64,723849.92,1,3.5
65,1380150.73,2,4
66,1472015.23,2,2
67,914008.32,1,4
68,765033.54,1,2
69,143187.98,5,2
70,144785.58,1,3
71,1552101.4,1,2.5
72,346486.38,3,2
73,1470683.84,4,1.5
74,478730.51,2,3.5
75,1287940.72,3,2.5
76,707015.75,4,3.5
77,1199140.37,2,3.5
78,671365.72,3,1
79,438080.21,1,1
80,956893.4,4,1
81,1847831.69,1,2.5
82,1000239.51,1,3.5
83,1813926.3,1,3
84,1634565.91,2,3
85,1246269.58,1,4
86,1533450.04,5,2
87,1966803.52,5,2.5
88,207203.55,5,3
89,416332.92,2,2
90,865898.61,1,4
91,1405247.99,5,2
92,172178.22,2,1.5
93,1136904.68,3,1.5
94,1787533.04,5,4
95,1624722.87,1,3.5
96,997028.78,4,1.5
97,224302.05,3,3.5
98,1137454.09,4,1
99,975852.72,1,3
100,1716762.37,5,1.5
101,122497.73,2,3
102,224104.43,5,2
103,821301.26,4,3.5
104,1190262.27,2,3
105,640951.36,3,3
106,885226.06,1,1
107,1248254.51,4,3
108,279821.7,1,2
109,415574.69,2,2
110,708152.97,3,2
111,1559615.6,4,3.5
112,600905.01,1,2
113,488505.35,2,3.5
114,602786.58,1,2
115,1271886.29,3,2
116,951843.56,2,1.5
117,420017.36,4,4
118,253285.29,3,1.5
119,701043.54,2,4
120,1079350.31,1,4
121,1258180.17,5,1.5
122,566181.68,2,4
123,1680919.82,2,2
124,1726024.06,2,3
125,1274878.38,3,1.5
126,1854069.74,1,3.5
127,1224392.52,1,3.5
128,1373161.51,4,2
129,833173.16,3,1
130,748509.01,2,4
131,1481054.75,4,3.5
132,1889684.33,2,1
133,343100.16,3,4
134,264528.28,1,2
135,708562.41,1,1.5
136,727016.52,4,2.5
137,511974.92,3,2
138,839030.72,4,1
139,261044.77,2,2.5
140,1314578.01,5,4
141,600233.27,5,2.5
142,1667246.92,5,4
143,1699538.37,2,1
144,1548464.21,3,3.5
145,1059191.96,3,1
146,567164.45,3,4
147,452125.44,2,3
148,158457.66,5,1.5
149,735435.87,5,3.5
150,799196.11,5,2
151,501855.47,5,2
152,403113.74,4,1.5
153,1487438.03,3,1.5
154,1700480.01,4,3.5
155,750401.29,2,3
156,635742.51,4,3.5
157,556145.41,5,3
158,1359766.74,4,1.5
159,1413479.27,1,4
160,1497154.96,2,4
161,1353821.38,5,1.5
162,1476128.06,5,1
163,1586946.9,1,3.5
164,832116.11,4,3
165,1557864.85,4,3.5
166,1445206.43,1,1
167,941476.7,4,2.5
168,200012.59,4,1.5
169,1982317.79,1,4
170,1203436.77,2,2.5
171,1741999.64,3,2
172,1223460.79,3,4
173,1484267.98,1,3
174,613522.59,1,1
175,1390851.81,2,1
176,1605406.99,4,2
177,1116863.45,1,2
178,1329544.13,1,3
179,544389.76,4,1.5
180,354991.33,3,1
181,1742155.11,4,3
182,1505811.86,4,1
183,929114.69,4,1.5
184,1010510.69,5,2.5
185,912677.68,5,3.5
186,622435.13,5,1.5
187,425096.46,4,1
188,1174913.58,3,4
189,929226.09,5,3
190,1354548.09,3,3
191,1166347.7,2,1
192,603039.27,3,3.5
193,1283437.72,5,1
194,1066095.24,1,3.5
195,979793.43,4,2.5
196,830618.37,3,2.5
197,1069636.14,2,4
198,1883679.37,3,2
199,1873089.88,5,3.5
200,1415249.28,3,2.5
201,168962.79,4,2.5
202,1298289.43,4,4
203,1746814.89,3,1.5
204,766356.44,5,4
205,687578.61,1,3
206,1510715.89,2,1
207,192799.45,2,3.5
208,1378719.14,4,3.5
209,1811086.18,4,1
210,133654.38,1,1
211,965479.1,1,3.5
212,622977.82,4,1.5
213,1832709.09,1,2.5
214,1985882.47,4,2.5
215,191412.17,4,2.5
216,1679720.15,5,1.5
217,326253.76,5,2
218,1676591.64,1,3
219,599449.31,1,3.5
220,557702.36,2,2
221,1433716.81,3,1
222,1154941.28,1,2
223,1866687.29,5,3
224,678782.01,1,3.5
225,601305.88,1,2
226,1485630.8,4,3
227,1481608.75,2,4
228,1589946.23,1,1.5
229,1041960.52,4,1
230,236209.58,2,3
231,649939.55,3,3.5
232,1053178.08,3,1.5
233,475506.01,1,2.5
234,1609311.27,4,2.5
235,1421114.56,2,2
236,686801.16,4,3.5
237,1596542.21,2,3.5
238,1474351.65,3,1
239,1144097.54,4,3.5
240,309381.68,5,3.5
241,1170751.14,1,1
242,1603282.68,5,2.5
243,497713.47,4,1
244,763093.56,3,1.5
245,1390507.08,3,3
246,1523225.55,3,3.5
247,1302154.7,1,1.5
248,412223.9,3,4
249,1765701.49,3,2.5
250,1186190.57,3,2
251,593757.26,5,3
252,968622.83,3,2.5
253,427774.67,3,1
254,799424.1,5,3
255,794877.23,2,2.5
256,1893523.02,3,2.5
257,1769830.65,4,2
258,1010402.56,5,1.5
259,1099050.55,2,3.5
260,1413564.54,4,1.5
261,1446448.02,1,3
262,1902635.85,2,2
263,1219394.36,3,3.5
264,105021.88,3,3.5
265,163534.24,5,4
266,1650741.73,1,1.5
267,1120730.74,5,2
268,151056.29,3,2.5
269,1377080.93,5,2.5
270,437972.58,1,2.5
271,429739.18,5,2.5
272,104644.58,5,4
273,527315.33,4,1.5
274,497170.71,5,1
275,215192.53,4,2.5
276,1151383.4,3,1
277,491060.63,5,1.5
278,211096.86,2,4
279,1497794.24,2,2.5
280,1805904.07,2,2
281,360892.36,3,3
282,548001.36,4,1.5
283,1002827.73,3,1.5
284,341145.32,1,4
285,1793640.34,2,3.5
286,859123.53,5,1
287,859143.23,3,3
288,1951690.13,3,2
289,1693233.07,2,3
290,144076.03,2,2
291,1068793.32,3,3
292,1513157.15,4,2.5
293,218148.43,4,2.5
294,819370.28,2,2.5
295,1541606.74,1,3.5
296,954219.12,2,1.5
297,243175.41,1,1
298,903110.74,4,1.5
299,1522414.78,2,2.5
300,1628157.08,2,2
301,664128.99,5,2
302,1763127.15,2,2.5
303,702822.69,4,2.5
304,1718588.64,2,2.5
305,487921.8,2,3.5
306,552541.98,5,1
307,1383638.7,3,1
308,1584563.61,3,1
309,859018.43,2,3.5
310,1550319.69,4,2
311,1266860.28,3,2
312,1371497.93,1,1
313,501565.59,3,2
314,1589757.46,2,3
315,1294988.29,5,2
316,940756.41,1,2
317,1044911.91,2,1.5
318,655785.79,3,2
319,945082.53,4,2
320,1809006.29,3,3.5
321,632269.21,3,3
322,1945238.36,4,2.5
323,571846.02,3,2.5
324,831199.56,1,4
325,1185933.17,5,4
326,135503.45,2,2.5
327,1478283.47,4,2
328,1707636.83,3,1
329,1082119.24,2,3.5
330,323184.58,1,1
331,1801833.26,3,2
332,1354089.99,1,3
333,461984.95,2,2.5
334,137972.25,1,2.5
335,1527774.78,1,1
336,629624.38,1,2.5
337,1956124.38,1,3
338,853487.53,3,3
339,1590358.94,1,1.5
340,1879816.29,4,1.5
341,1969204.69,3,3
342,1634528.5,3,3.5
343,641802.25,1,1
344,410130.87,2,1.5
345,832809.0,5,3.5
346,1605313.29,2,3
347,1076453.25,1,3
348,1406924.04,2,2
349,183967.22,3,3
350,221668.1,1,1
351,246178.46,4,1
352,236367.71,5,1
353,185498.09,2,2
354,1445357.88,1,4
355,1164608.58,2,4
356,181777.69,1,3.5
357,899242.82,2,1.5
358,474331.68,2,3
359,644313.52,1,2
360,1946724.53,2,3.5
361,352497.03,2,1
362,1418917.98,4,3
363,184438.26,1,1.5
364,1073752.31,3,1.5
365,902075.37,1,3
366,1462199.94,5,2.5
367,1203952.09,5,3.5
368,439699.82,2,4
369,393634.61,2,4
370,627903.62,3,3
371,1333177.85,5,3.5
372,457326.51,2,4
373,1773555.01,1,3
374,1998488.49,5,3
375,777733.43,4,4
376,353606.01,3,1
377,109522.85,3,3
378,532439.06,1,4
379,411371.89,5,1
380,416295.87,4,1.5
381,1354168.45,1,3.5
382,1850547.34,5,1
383,160061.68,4,2.5
384,1356953.27,5,3.5
385,1360563.3,1,1
386,796143.12,5,2
387,631145.64,5,3.5
388,1502389.64,1,2
389,1803357.16,2,3.5
390,1401487.84,2,3.5
391,660663.27,3,4
392,225347.09,5,1
393,1529823.58,1,3.5
394,1323242.42,5,1
395,686768.96,5,1.5
396,1050236.31,2,3
397,326711.58,3,4
398,798261.0,2,1
399,1552678.08,3,2
400,996993.94,5,3.5
401,1780554.64,5,3
402,437255.41,4,3
403,359329.96,4,3.5
404,484187.04,3,4
405,218850.29,1,2
406,1382923.64,4,2
407,1720860.21,1,4
408,1104165.11,1,2
409,1706326.91,4,2.5
410,507274.42,4,4
411,1521188.53,1,3
412,961487.55,2,4
413,1986708.78,4,3
414,1208771.66,4,2.5
415,913375.57,5,1
416,811827.45,3,1
417,272553.42,4,1
418,643281.9,5,4
419,831128.56,4,1.5
420,970319.13,3,1
421,559433.54,2,3
422,1332605.88,3,1
423,1990447.31,4,4
424,341008.27,1,3
425,605813.13,4,4
426,112034.27,3,3
427,828137.14,4,1.5
428,725748.78,3,1.5
429,312768.08,4,1
430,177717.08,4,1
431,281107.57,4,1
432,519303.17,4,2.5
433,546325.96,5,1.5
434,615133.0,4,4
435,1918211.4,5,3.5
436,192506.49,5,2.5
437,1797541.38,3,2.5
438,1924542.96,3,1.5
439,623355.49,4,1
440,1199012.2,5,1
441,1330934.61,4,4
442,908763.16,4,3
443,520055.81,2,3
444,1234307.46,1,1
445,1730588.22,2,4
446,694515.23,1,3.5
447,760883.29,3,2.5
448,1965311.19,3,1
449,980433.19,4,3.5
450,181298.82,2,4
451,1596868.12,2,3.5
452,622028.84,5,3.5
453,1108574.9,1,3
454,157082.44,4,1.5
455,1016160.48,4,1.5
456,1127470.41,2,3
457,790968.7,3,2
458,1872546.5,3,2
459,969483.04,3,4
460,1435012.48,1,1.5
461,1395549.63,1,1.5
462,274779.62,3,4
463,818523.27,4,1
464,1851697.87,1,2.5
465,857795.57,4,3.5
466,1373830.6,5,1
467,866303.51,1,2.5
468,1113447.71,1,3
469,241052.62,1,2
470,1616695.4,2,2
471,935522.05,1,2
472,164710.94,4,2
473,1699315.43,3,3
474,1323522.03,3,3
475,1327709.43,1,3
476,1525569.32,4,3.5
477,836856.91,4,3
478,188091.44,4,2
479,955961.2,1,2.5
480,151647.89,2,2.5
481,914368.41,3,3
482,1895406.95,4,3
483,1372067.92,1,3
484,1865714.52,1,1.5
485,195558.07,5,1.5
486,1562050.63,3,3.5
487,929262.22,2,3.5
488,353063.05,5,3
489,1310397.53,3,2.5
490,1122762.3,1,1.5
491,1173789.04,5,3
492,1029709.11,5,3.5
493,977049.28,4,3.5
494,1194831.33,4,2.5
495,141717.11,1,4
496,188581.08,1,4
497,502839.56,1,3
498,1879239.86,2,2
499,1686713.88,2,2.5
500,1959040.03,1,1.5
501,1657568.12,5,2
502,1228710.51,5,4
503,902802.9,1,1.5
504,1187572.92,2,4
505,1353807.37,2,4
506,1763781.83,5,3
507,1859172.9,4,2
508,1286548.12,5,1
509,108530.48,2,2.5
510,932405.79,2,3
511,1174866.48,3,3
512,1320099.96,2,3.5
513,235891.24,3,1
514,305368.45,4,2
515,1736005.01,1,1
516,219955.43,3,2
517,1230055.09,5,1.5
518,845445.46,3,1
519,993157.78,1,4
520,235550.29,2,3
521,514662.13,5,2
522,1400837.01,5,3
523,1922919.49,2,3
524,505998.46,5,3
525,137625.86,4,2.5
526,126623.57,4,1.5
527,544641.35,4,3
528,365864.06,5,4
529,504274.07,4,1
530,757528.38,4,2
531,1120847.86,1,2.5
532,641994.37,3,3
533,488640.94,2,3.5
534,389622.01,5,2
535,121375.0,4,1
536,1928369.34,5,1.5
537,1649996.46,2,1
538,1586303.43,5,1
539,1561901.22,1,3.5
540,447040.96,5,3
541,1759848.51,3,1
542,1528193.81,5,3.5
543,276565.07,1,1.5
544,1976778.92,2,1
545,1196265.18,2,2
546,100400.66,1,1
547,528496.66,2,2
548,156475.92,4,2.5
549,566894.93,2,2.5
550,1447969.12,3,4
551,1238215.39,2,1.5
552,1616497.17,1,2
553,815982.42,3,3.5
554,1427757.39,3,3.5
555,524628.14,3,3.5
556,1099524.5,3,1.5
557,1554868.87,2,3
558,741409.15,3,3.5
559,151953.96,1,4
560,295343.15,1,1
561,1913698.39,5,1.5
562,711821.85,3,1
563,1124559.63,2,4
564,594239.8,5,2
565,483203.7,3,4
566,896171.74,3,3.5
567,175857.64,1,3
568,1131607.73,1,2
569,118739.21,2,3
570,608692.66,5,3
571,781801.46,3,3
572,501445.42,2,2
573,188027.07,3,2
574,1045678.17,3,1.5
575,1834072.8,4,3
576,1635605.88,5,2.5
577,1112094.15,1,1.5
578,1527606.04,3,2
579,1512589.49,2,2.5
580,472125.15,4,4
581,316703.17,3,2
582,410232.4,1,4
583,276872.69,1,1.5
584,136769.35,3,2
585,822391.09,3,2.5
586,1791373.9,4,2
587,1816252.84,3,2
588,759405.49,2,3
589,1719896.89,1,3.5
590,378201.7,5,1
591,1148057.25,5,2.5
592,916664.66,3,3.5
593,1222014.81,2,3
594,1462153.82,5,2
595,1394828.14,5,3.5
596,1697672.59,1,3.5
597,1220720.59,2,3.5
598,1444944.1,5,1
599,1636249.97,5,3.5
600,1268854.93,2,2.5
601,1016247.29,2,1
602,1738734.87,3,4
603,600247.46,5,3.5
604,452007.11,5,1.5
605,541634.38,2,3
606,1598614.17,3,2.5
607,1679659.48,3,1
608,185187.34,1,1.5
609,1050387.36,3,3.5
610,1520206.34,1,3
611,1641526.82,5,2.5
612,888647.5,5,2.5
613,1863961.26,4,2
614,1538525.72,3,2
615,1151503.19,5,3
616,1957436.15,3,4
617,879271.87,5,3.5
618,1392992.97,2,3.5
619,991867.62,4,3.5
620,1025788.24,3,2.5
621,141297.02,1,1.5
622,378072.2,4,4
623,858930.78,2,1.5
624,1409470.0,1,2
625,1742401.34,2,2.5
626,1775315.97,2,1
627,654103.91,4,4
628,1016125.67,3,3.5
629,980027.95,5,1.5
630,807936.07,4,1
631,1733644.56,2,2.5
632,1781561.4,4,1
633,1980115.0,5,4
634,202499.4,3,3.5
635,730453.29,1,1
636,1757027.29,1,1.5
637,111030.86,3,2.5
638,1939513.37,5,3
639,414860.97,1,3
640,1690237.62,4,1
641,1555069.01,2,4
642,1174150.49,2,1.5
643,417255.98,5,2.5
644,838967.13,5,4
645,210362.71,4,2
646,330547.43,3,2
647,589569.11,2,1
648,469451.62,3,1.5
649,1109126.9,2,4
650,310544.29,5,1
651,466206.37,5,4
652,1579127.61,1,1
653,746844.08,2,3
654,186860.86,4,4
655,1947553.55,5,3.5
656,1146226.64,4,1.5
657,682551.41,3,1.5
658,1799243.91,3,3
659,200609.48,5,1
660,874773.92,4,1.5
661,1177986.05,1,3.5
662,1455269.13,2,1.5
663,780648.19,1,3
664,1231486.42,1,1
665,1538686.87,4,1.5
666,567671.52,5,4
667,1682068.58,2,2.5
668,168799.47,2,1
669,523573.04,4,3
670,1879640.71,2,1.5
671,865559.95,3,3.5
672,854668.56,2,2
673,918178.6,2,2.5
674,525773.3,4,1
675,1490229.03,4,1
676,712342.75,3,2.5
677,1914138.57,3,3.5
678,336998.19,5,2.5
679,730799.57,5,3
680,826420.71,1,4
681,1615024.08,1,1
682,531003.19,2,4
683,1366150.33,1,2.5
684,168716.53,5,2.5
685,753525.22,4,4
686,1143215.87,1,2.5
687,1590968.48,4,1.5
688,1053655.39,1,3.5
689,1911301.59,5,4
690,1450176.92,2,2
691,1922285.5,3,4
692,199542.07,5,1.5
693,1599265.82,1,2.5
694,1449786.74,2,1.5
695,1802268.1,4,3.5
696,402086.13,4,1.5
697,609638.44,2,1.5
698,760721.05,5,4
699,576461.23,1,2
700,112025.27,4,1.5
701,875585.12,3,1.5
702,1055436.61,1,1
703,1324279.63,4,4
704,1993875.89,4,2
705,1436810.51,5,1
706,736711.18,5,1
707,1216174.66,5,4
708,948967.6,2,4
709,1528919.13,1,2.5
710,1443090.87,4,4
711,1524086.06,2,2
712,682588.47,4,1
713,997528.43,2,3
714,1212858.25,5,3.5
715,731142.34,3,1.5
716,1361497.44,1,4
717,1047083.63,4,2.5
718,744920.1,5,1
719,566517.07,1,2.5
720,108849.99,5,3
721,529186.34,3,1.5
722,1856708.0,5,3
723,1755950.07,2,2.5
724,1801131.17,5,1
725,1997149.93,4,3
726,1742445.3,1,4
727,1785343.97,1,3
728,900379.98,2,2.5
729,1423483.57,1,3
730,309140.93,2,3.5
731,1086629.93,1,1
732,1762868.49,4,4
733,301274.4,5,2
734,251687.58,3,2
735,1534472.91,4,4
736,1022426.45,5,3.5
737,1812404.44,4,2.5
738,1927923.19,3,2.5
739,771337.0,4,2
740,1581523.63,4,1.5
741,1948652.41,3,1
742,1243055.11,5,3
743,1367422.13,2,1.5
744,1585436.48,4,3
745,1750369.05,5,3.5
746,1411234.28,3,3.5
747,1673551.2,1,4
748,600527.59,1,4
749,1384015.07,4,4
750,745182.41,5,4
751,265524.74,3,3
752,1270063.67,2,4
753,1945535.22,1,1.5
754,394411.7,1,3.5
755,1694671.36,4,2.5
756,1406121.83,3,4
757,1308286.3,1,1.5
758,954572.38,3,1.5
759,479953.01,3,2
760,1444112.81,4,4
761,1075910.22,1,2
762,1088554.75,3,4
763,1087614.89,5,2
764,1866390.37,4,1
765,507112.25,4,1
766,1235423.91,5,1
767,815528.1,1,1.5
768,1487161.28,4,1
769,358666.09,5,3
770,1457570.74,5,3.5
771,720965.35,3,2.5
772,448978.08,1,2
773,422949.21,2,1
774,1999977.86,2,1.5
775,1255691.43,5,2.5
776,352177.59,3,2
777,684542.79,2,1
778,1124036.87,1,4
779,1632129.82,2,3.5
780,815588.93,2,2.5
781,878406.52,1,4
782,1029666.09,5,1.5
783,1992346.07,4,4
784,357133.96,4,2
785,1946425.03,1,1
786,1284739.47,5,1.5
787,1872246.65,5,3.5
788,683728.01,3,3.5
789,580961.64,3,2
790,298800.0,4,3.5
791,1493206.57,3,1.5
792,1655647.31,4,2
793,119763.52,4,2
794,1367278.3,3,1.5
795,362891.55,5,2.5
796,440838.83,3,3
797,1345098.07,5,3.5
798,334172.52,3,1
799,1144059.02,3,3.5
800,1090543.48,1,1
801,1249422.46,2,3
802,1672283.47,4,2.5
803,607796.9,1,4
804,1255911.69,4,3.5
805,1332209.04,4,3.5
806,892423.24,5,2
807,230339.29,4,2.5
808,517688.47,1,1.5
809,134001.51,2,2.5
810,526712.51,5,1.5
811,683884.64,1,4
812,1789102.11,3,4
813,1880043.54,1,1.5
814,607855.26,5,3
815,827531.19,5,3.5
816,1831712.07,3,3.5
817,1504310.08,3,2.5
818,961798.94,2,2.5
819,1748601.09,1,3.5
820,1155966.62,1,2
821,111768.2,5,3
822,135441.07,2,2
823,1378854.57,5,2.5
824,1908032.05,5,1
825,1402551.11,5,3
826,1924401.95,3,3
827,843395.07,5,2.5
828,606947.36,4,1.5
829,1598333.37,3,3
830,868273.6,4,2.5
831,252789.24,2,3
832,1990833.59,5,3
833,476932.47,4,1.5
834,1157782.48,2,3.5
835,1226387.26,2,1
836,1141828.46,4,3.5
837,264423.26,4,3.5
838,914045.15,4,1
839,981260.41,3,2
840,169025.99,5,4
841,1998760.71,5,3.5
842,294494.43,3,1.5
843,788219.6,1,1.5
844,863301.09,1,4
845,1934202.18,2,3
846,1645219.55,1,3.5
847,1602189.48,3,3.5
848,523074.48,3,4
849,1581209.84,3,3.5
850,1026071.54,3,2
851,123261.47,5,4
852,1881502.24,1,2
853,211330.38,2,3.5
854,132628.9,1,4
855,976302.59,4,3.5
856,1944889.37,2,2.5
857,682501.03,5,4
858,1787969.31,1,2
859,775006.51,2,1.5
860,736801.04,2,3.5
861,537821.17,1,2.5
862,1957111.83,2,4
863,526025.49,1,3
864,1731389.09,2,3
865,253435.42,2,1.5
866,290261.65,4,3.5
867,383237.06,5,2
868,867851.24,4,2.5
869,1926272.99,4,1
870,1917915.86,5,3
871,144481.5,5,1
872,169251.17,5,1
873,356549.14,4,2
874,783816.22,5,1
875,995884.16,3,3.5
876,201236.92,1,1
877,1104561.1,3,1
878,1740223.28,1,1
879,1109058.84,2,4
880,344482.66,4,2
881,1182330.53,5,3
882,1750140.69,3,2.5
883,439558.51,3,1
884,1406753.04,3,3.5
885,275400.71,1,3
886,269936.88,5,1
887,1087621.2,2,1
888,1417788.14,3,4
889,1496558.03,2,3.5
890,1913883.54,5,3
891,1131658.34,1,2.5
892,1678212.58,3,3.5
893,167108.98,4,1.5
894,599626.25,5,1
895,1162101.35,4,3.5
896,1449160.18,2,1.5
897,127586.22,2,2.5
898,886991.92,3,1
899,1952864.92,5,2.5
900,391080.58,1,1.5
901,1870961.94,5,1.5
902,996890.62,5,1.5
903,1458551.71,2,4
904,1409320.27,4,2
905,443112.87,3,3.5
906,548867.4,5,2.5
907,1155262.1,2,2.5
908,1790783.46,5,3.5
909,1552856.94,1,4
910,1070687.35,3,2
911,791679.74,5,1
912,640161.76,3,2.5
913,1715754.15,1,1.5
914,733081.44,3,4
915,1778339.24,5,1
916,1761815.42,4,3
917,1019057.49,5,1.5
918,1524569.94,1,4
919,1467490.34,4,3.5
920,245640.11,2,2.5
921,1271055.16,1,3
922,1590452.84,5,1
923,150602.65,3,2.5
924,1438734.37,1,3
925,333022.23,3,1.5
926,1089691.12,4,1.5
927,707107.91,2,3.5
928,281826.78,4,1.5
929,783295.83,3,2.5
930,519551.93,3,4
931,1571648.83,1,2
932,675157.51,1,1.5
933,1227585.31,1,2.5
934,1031301.06,5,1.5
935,1411693.24,5,3
936,1611120.32,1,3
937,1098068.71,3,3
938,369225.53,1,1.5
939,881196.54,5,3.5
940,714765.41,2,3
941,264629.41,5,2.5
942,888697.59,4,2.5
943,485191.17,3,4
944,1992974.49,3,3.5
945,1220303.62,4,3
946,639775.07,4,2.5
947,1706264.02,4,1
948,1456671.44,3,1
949,408439.76,4,1
950,578281.16,4,1
951,671800.11,2,1.5
952,1301630.9,4,2
953,531486.98,4,1
954,1975495.15,5,1
955,555381.28,2,4
956,486722.92,2,1
957,1416954.13,2,3.5
958,1706559.97,1,1
959,1396504.92,5,2.5
960,867822.95,4,2.5
961,1787223.41,4,2
962,1438496.27,3,2.5
963,1074441.44,3,4
964,312711.88,3,3.5
965,1650245.53,5,3.5
966,1241084.83,3,2
967,1543631.69,1,1.5
968,742783.03,2,2
969,382262.07,5,2
970,819119.49,3,2
971,1583306.19,3,4
972,1366692.98,4,4
973,692079.96,3,2.5
974,532396.74,1,3
975,1954313.78,4,4
976,520836.88,4,2
977,1473733.98,2,2
978,520637.83,3,3.5
979,888369.45,5,3.5
980,1314295.24,4,1
981,1257971.71,1,1
982,415871.32,5,1.5
983,647017.23,2,1.5
984,284722.7,4,2.5
985,203689.66,3,3.5
986,426262.99,1,1
987,881064.95,3,1
988,927919.35,2,3
989,1538377.24,2,4
990,765957.29,2,3.5
991,1169901.3,1,1.5
992,1221495.22,3,3
993,534124.0,4,1.5
994,1018869.43,5,2.5
995,364663.19,1,2.5
996,729729.76,5,2
997,1390180.93,1,1
998,572654.92,4,3.5
999,1329915.6,4,4
1000,1673188.28,5,4
1001,792603.72,5,2
1002,1828319.82,1,2.5
1003,497915.88,3,4
1004,1026960.24,5,1.5
1005,1994703.22,4,2.5
1006,850903.65,3,3
1007,647352.88,4,3
1008,950963.94,5,2.5
1009,1194667.03,5,4
1010,596185.93,2,3
1011,769620.15,1,3.5
1012,284285.92,1,2
1013,1774812.64,5,2.5
1014,495834.79,2,3
1015,725851.35,1,3
1016,1604753.37,2,1.5
1017,1029694.14,1,1.5
1018,932060.53,1,4
1019,1759181.03,1,3.5
1020,1978322.41,1,2.5
1021,1975035.97,3,3.5
1022,1746873.32,2,2.5
1023,1297150.51,2,1
1024,632142.94,1,1
1025,520944.64,4,4
1026,933549.46,4,2.5
1027,416054.06,3,1
1028,1329718.94,3,3.5
1029,1481434.27,3,1
1030,1413727.37,3,3.5
1031,630639.89,2,2
1032,849886.04,3,2.5
1033,1607809.02,5,3
1034,1086637.48,5,2
1035,1687124.54,3,3.5
1036,407951.26,2,2
1037,1100153.55,4,1
1038,1965669.21,3,1
1039,148454.98,2,3.5
1040,180072.59,2,3
1041,621874.46,2,3
1042,364649.23,4,3
1043,290942.86,4,2.5
1044,1304611.5,4,4
1045,990247.34,2,2.5
1046,1198378.53,4,1.5
1047,716325.57,3,1
1048,889151.14,2,3.5
1049,473231.84,5,2.5
1050,1246169.98,5,1
1051,727812.87,2,2
1052,380387.83,1,3.5
1053,500694.27,5,1
1054,1605849.52,5,4
1055,164917.25,5,2
1056,797268.96,1,1.5
1057,1377738.48,5,2
1058,875304.84,3,3.5
1059,1247819.41,1,2
1060,1807631.02,4,1.5
1061,1078923.53,4,4
1062,1108208.37,4,2.5
1063,1540941.08,3,4
1064,1632609.97,1,3
1065,1452300.73,2,1
1066,1899567.24,5,2.5
1067,924412.47,2,2
1068,996792.9,2,3
1069,1193805.4,2,1
1070,499948.97,1,1.5
1071,1146292.38,1,2.5
1072,1164938.12,1,2
1073,1574365.37,5,1
1074,420684.0,2,2.5
1075,1830804.6,4,1.5
1076,1957999.07,2,2.5
1077,1562948.09,2,3.5
1078,827089.67,3,1
1079,1823173.22,5,2
1080,1049502.35,5,4
1081,366367.82,2,3.5
1082,628203.99,2,2
1083,588033.98,4,1
1084,580610.73,1,3.5
1085,1036590.58,3,1.5
1086,975972.9,2,3.5
1087,1870233.15,1,3.5
1088,323747.94,1,3.5
1089,1667606.54,1,3.5
1090,888595.61,1,3.5
1091,404329.33,3,3
1092,807739.13,1,2
1093,1746730.43,2,2.5
1094,216369.07,1,4
1095,1114821.79,2,2.5
1096,961193.15,3,2
1097,842336.89,5,2
1098,1602377.67,3,2.5
1099,1789612.1,1,2.5
1100,289319.44,4,1.5
1101,1081369.15,4,2
1102,1072679.32,4,3.5
1103,1562085.15,1,2
1104,372783.53,5,2.5
1105,884893.85,4,1.5
1106,613768.27,2,3.5
1107,133078.76,2,4
1108,1841269.43,2,1.5
1109,1303168.74,2,3.5
1110,369574.87,2,3
1111,1334196.06,3,3.5
1112,1897073.88,1,1
1113,379593.61,5,1.5
1114,696435.29,5,1.5
1115,854340.61,5,2
1116,1813820.44,2,1.5
1117,1821024.79,5,3
1118,1291086.21,4,4
1119,810837.56,2,2
1120,1857588.54,4,3
1121,1644139.67,3,3
1122,1453477.45,4,1
1123,1176422.15,3,2
1124,295930.07,5,1
1125,1149621.26,5,1
1126,802625.41,2,3
1127,1699509.98,4,4
1128,164483.62,2,2.5
1129,980206.32,3,3.5
1130,252371.89,4,3
1131,1814342.27,1,3.5
1132,1356863.21,2,2
1133,1692151.42,4,1.5
1134,1043728.78,4,2.5
1135,1556240.5,4,3
1136,398886.88,1,2
1137,520863.82,2,2.5
1138,852414.58,5,1
1139,1264010.48,2,3.5
1140,764636.21,3,3
1141,1649026.23,5,2.5
1142,319148.09,3,1
1143,1034849.29,1,1.5
1144,817805.98,1,3
1145,1675432.19,5,3
1146,418347.02,4,2.5
1147,1099437.32,4,3.5
1148,1060340.25,5,3.5
1149,1716788.21,4,3.5
1150,877985.19,5,1
1151,1553191.59,3,3.5
1152,1636950.77,3,4
1153,1636496.37,3,1.5
1154,926924.14,3,2
1155,911086.74,3,1
1156,526470.66,5,4
1157,1423895.04,1,1
1158,726331.02,5,1.5
1159,274264.85,3,3.5
1160,1996245.73,3,1.5
1161,1668146.04,4,1.5
1162,1691362.43,4,1
1163,1973791.13,3,1
1164,683308.37,4,1.5
1165,1598584.05,4,2.5
1166,1010751.84,1,3
1167,1563572.32,2,3.5
1168,1802396.36,5,4
1169,1420473.6,1,2.5
1170,1024993.24,5,3
1171,1695589.36,3,1
1172,1725830.96,2,3.5
1173,170081.25,3,2.5
1174,391276.08,1,3.5
1175,477669.88,3,1.5
1176,1522871.05,5,1.5
1177,447673.14,4,2.5
1178,266057.06,2,3.5
1179,478657.61,5,2.5
1180,1123353.57,4,4
1181,924684.96,2,3.5
1182,325280.83,3,3
1183,329885.64,1,1
1184,1444225.35,3,3.5
1185,1380394.52,4,3
1186,618994.65,2,2.5
1187,1782932.63,4,1.5
1188,246589.71,2,2
1189,592856.42,2,2
1190,1927487.44,4,4
1191,319864.18,5,1
1192,1904533.54,5,2
1193,1835159.26,4,4
1194,787868.59,5,1.5
1195,1094901.75,2,3
1196,1259095.7,4,2.5
1197,1215389.75,1,1.5
1198,1146096.04,1,3
1199,594173.8,5,3.5
1200,1391552.64,4,1
1201,1943569.28,2,3.5
1202,1417016.83,5,1
1203,1469873.6,2,3
1204,212685.32,2,3.5
1205,618624.93,5,1
1206,202994.52,3,1.5
1207,971307.42,3,3
1208,782636.61,3,1.5
1209,1217885.63,4,4
1210,1481320.39,1,1
1211,1251172.43,3,3
1212,1292305.24,3,2
1213,1886844.21,4,2
1214,1173623.12,3,2
1215,1683689.16,4,1
1216,135156.63,5,2.5
1217,1273990.32,2,2.5
1218,680871.03,1,4
1219,1861904.92,1,3
1220,631015.65,5,2.5
1221,579980.75,4,2
1222,1773520.56,4,1.5
1223,291617.37,1,1.5
1224,1019632.69,5,2
1225,1990583.42,5,1.5
1226,1240430.4,1,3.5
1227,709067.33,4,3.5
1228,1264694.89,2,3
1229,859436.05,4,2.5
1230,1788442.42,4,3.5
1231,673495.62,1,2.5
1232,1404184.03,3,1.5
1233,833808.85,4,3
1234,1190669.0,4,1.5
1235,870981.65,4,4
1236,185304.25,2,3.5
1237,587843.02,1,3.5
1238,1399465.71,1,1
1239,363985.26,5,1.5
1240,1416764.01,3,3
1241,113502.02,3,3.5
1242,977696.94,3,4
1243,337117.27,4,3.5
1244,634549.85,1,1.5
1245,1537131.6,3,2
1246,1059222.67,2,3
1247,1832342.42,4,1
1248,697588.35,3,1
1249,861385.5,5,1
1250,852813.98,5,2.5
1251,657366.9,4,2
1252,619057.63,4,4
1253,502440.0,3,2.5
1254,1223254.98,1,4
1255,733687.1,2,2.5
1256,1075266.45,1,3
1257,1007733.33,2,1
1258,304339.96,5,1.5
1259,1589150.81,2,3.5
1260,1999021.12,3,1.5
1261,533129.09,1,2.5
1262,1172115.45,3,2.5
1263,1170932.39,3,1.5
1264,278875.09,5,1.5
1265,1842340.17,4,1.5
1266,868637.24,3,2.5
1267,1474329.1,2,2
1268,1004615.27,1,2
1269,1137072.81,2,2.5
1270,583991.31,2,3.5
1271,167740.84,4,1.5
1272,1875219.12,3,2.5
1273,824067.17,3,2.5
1274,1360310.24,3,3
1275,283935.04,4,1
1276,1958202.35,2,3.5
1277,1794992.51,3,2.5
1278,1320038.82,1,2.5
1279,458213.57,1,4
1280,651598.48,1,1.5
1281,1523978.65,3,4
1282,1337135.27,4,3
1283,369658.42,1,4
1284,1451063.92,2,2.5
1285,1675602.21,3,3.5
1286,1463959.92,4,4
1287,528106.94,5,2
1288,1558346.01,4,2.5
1289,666987.43,1,4
1290,766185.2,3,4
1291,904796.3,2,1.5
1292,1896194.1,2,4
1293,1781077.2,1,2
1294,1225843.76,2,4
1295,1441394.77,2,4
1296,1330047.88,4,2.5
1297,1693671.7,1,3
1298,472930.83,4,4
1299,1606655.48,2,2.5
1300,1972753.23,4,1
1301,1975446.78,3,3
1302,1387219.28,3,2
1303,1938119.11,5,4
1304,1681502.48,4,1.5
1305,516192.91,1,4
1306,1293113.08,2,1
1307,1767413.62,5,2
1308,1694768.37,5,1.5
1309,1590915.22,4,1
1310,733095.98,4,1.5
1311,1062838.21,3,3
1312,1605474.99,1,3
1313,863719.51,4,1
1314,781588.3,5,1
1315,650760.13,3,1
1316,811781.69,5,3.5
1317,453037.77,3,1.5
1318,1772334.72,2,3.5
1319,180783.85,4,4
1320,269546.12,4,1
1321,111554.47,1,2.5
1322,129788.94,4,3.5
1323,269962.38,4,2.5
1324,1337796.3,2,1
1325,1482735.95,1,1
1326,1082919.23,3,3
1327,983425.94,2,2
1328,640445.07,1,2
1329,1463429.67,2,2.5
1330,1580062.13,5,2
1331,387043.8,1,2.5
1332,744613.76,4,1.5
1333,1600064.56,5,3.5
1334,1712633.84,5,3.5
1335,729340.94,4,3.5
1336,1707194.94,1,4
1337,1368188.33,3,2
1338,235998.32,2,2
1339,172545.27,3,3.5
1340,766691.34,5,4
1341,1830687.58,5,1.5
1342,1520576.95,2,1
1343,587104.99,4,4
1344,726483.17,5,3.5
1345,812661.98,2,2
1346,1988169.59,4,4
1347,495744.56,3,2
1348,1957941.96,3,4
1349,1928674.06,4,4
1350,1529233.96,3,4
1351,1691207.16,4,1.5
1352,1396155.71,4,2.5
1353,575473.47,5,4
1354,1645954.12,4,3.5
1355,1952663.85,2,2
1356,315703.28,5,2.5
1357,1680076.6,4,2.5
1358,336907.98,3,4
1359,836819.67,3,1
1360,581920.45,1,2
1361,858231.81,4,2.5
1362,1834885.22,5,1
1363,1681325.35,1,4
1364,447830.36,3,3
1365,1099183.76,4,4
1366,369293.68,1,1
1367,947199.42,2,1
1368,954164.22,5,4
1369,1661697.56,2,2
1370,1358423.42,4,1
1371,1822784.28,1,1.5
1372,1602076.49,5,1
1373,930145.87,4,1
1374,1859506.62,2,2
1375,729032.44,5,2.5
1376,1742252.12,3,3.5
1377,1590474.99,4,1.5
1378,947071.47,1,2
1379,1587929.95,4,1.5
1380,1992565.0,4,2.5
1381,709504.24,2,1
1382,1057828.8,2,1
1383,417014.12,4,3
1384,1715295.19,4,2.5
1385,891042.16,5,4
1386,1363705.01,1,4
1387,716446.31,5,1
1388,1398231.07,2,3
1389,801628.11,3,1.5
1390,491012.36,1,2.5
1391,951403.41,3,3.5
1392,483505.51,1,3
1393,399930.72,4,3
1394,281586.87,4,4
1395,416867.54,2,4
1396,1879623.86,5,3
1397,575366.13,5,3.5
1398,951223.23,3,2.5
1399,1629787.81,5,3
1400,1603815.3,1,2
1401,1311718.47,1,2
1402,163728.34,5,3
1403,132467.98,4,1.5
1404,1138969.03,4,3
1405,806220.35,2,2
1406,1245907.49,4,3.5
1407,1348176.05,2,2
1408,299376.02,4,3.5
1409,1556747.87,4,3
1410,564656.02,1,3
1411,1739760.44,2,1
1412,807139.62,1,4
1413,1976860.35,2,3
1414,1059402.44,5,1.5
1415,1731672.77,3,3.5
1416,663083.63,5,3.5
1417,1524236.26,1,3
1418,1635294.33,2,3.5
1419,377044.56,3,3.5
1420,1205264.1,1,3
1421,255680.07,3,3
1422,325665.44,1,1
1423,811346.61,3,3
1424,1547451.98,1,1
1425,1121239.45,3,3
1426,1937901.44,4,2
1427,1860530.05,5,1
1428,1937153.82,2,1
1429,1920516.62,5,4
1430,1238324.47,1,1.5
1431,1615694.48,2,2
1432,719954.73,2,1
1433,1305351.59,3,3
1434,1745043.42,5,1.5
1435,910543.68,3,3.5
1436,1352180.81,1,2.5
1437,1801439.37,2,2.5
1438,1940452.08,1,3.5
1439,795421.69,4,3
1440,1054668.79,3,2
1441,514919.78,4,3.5
1442,1751236.65,4,3
1443,1505010.56,1,3
1444,900349.72,1,4
1445,200687.71,5,2
1446,1704080.35,1,3
1447,1619468.08,3,1
1448,1474702.55,2,4
1449,969772.79,2,4
1450,1002161.92,1,3.5
1451,479423.17,1,1.5
1452,1220409.99,5,3.5
1453,588646.35,2,2.5
1454,880322.37,3,3.5
1455,724316.9,3,1
1456,363438.63,3,2.5
1457,104573.84,4,1.5
1458,1716724.23,3,4
1459,194786.4,2,1.5
1460,1188233.07,2,1
1461,1835449.76,3,3.5
1462,1956938.97,1,1
1463,187374.18,3,1.5
1464,1907647.47,4,3
1465,917384.12,1,2.5
1466,1680632.99,4,4
1467,658899.25,4,1
1468,1480649.69,1,2
1469,1485089.69,2,3
1470,321020.83,4,2.5
1471,1993382.2,5,3.5
1472,821858.57,1,4
1473,1802749.83,1,2
1474,227865.68,5,4
1475,400690.64,2,2
1476,1710181.79,5,3.5
1477,1374634.8,4,1
1478,1264385.85,3,2
1479,1839622.13,5,3.5
1480,1915347.84,2,1.5
1481,1118457.34,2,3.5
1482,428254.76,2,1.5
1483,1951038.18,4,3
1484,1417210.65,4,2.5
1485,1946119.03,2,2
1486,456756.91,1,1
1487,1698452.38,4,1.5
1488,421669.14,2,1
1489,742334.45,5,4
1490,646912.08,5,1.5
1491,1010705.62,1,3
1492,752366.41,1,2.5
1493,932959.79,4,2
1494,831263.28,2,2.5
1495,348521.63,4,3.5
1496,298261.95,1,2
1497,944329.07,1,2.5
1498,1422999.82,5,1.5
1499,1147993.96,5,3
1500,1677288.32,5,3.5
1501,635975.41,5,3
1502,885868.73,2,1.5
1503,179532.78,1,4
1504,578433.7,5,1
1505,1829128.0,1,4
1506,878508.92,3,4
1507,320531.56,3,3.5
1508,335282.37,4,1.5
1509,1268615.2,3,1.5
1510,1744093.86,2,2.5
1511,1945292.04,4,2
1512,142236.55,5,1
1513,590755.48,2,3
1514,963790.65,5,1.5
1515,1730859.13,3,3.5
1516,1886014.31,3,3
1517,954065.2,2,2.5
1518,543383.34,3,1.5
1519,795315.63,1,2
1520,1548866.02,3,3.5
1521,1732251.97,2,3.5
1522,1858307.99,3,4
1523,811996.62,5,3
1524,212053.92,3,3.5
1525,770547.71,3,3
1526,1773348.41,3,1.5
1527,153188.73,1,3.5
1528,493171.62,4,1.5
1529,183284.41,5,3.5
1530,103413.39,5,2.5
1531,1417674.91,3,2.5
1532,635158.2,1,4
1533,121030.54,2,2
1534,1772824.27,4,3.5
1535,838883.63,3,2.5
1536,1295734.48,3,2
1537,1479104.62,3,2
1538,221753.51,1,3.5
1539,158806.03,1,1
1540,1280424.71,1,4
1541,1460945.57,3,1.5
1542,1813313.35,2,3
1543,1147568.46,4,1.5
1544,666432.49,1,1.5
1545,1539549.41,1,2
1546,1717899.41,5,4
1547,1801542.88,4,2
1548,310803.42,3,4
1549,866943.3,1,4
1550,471386.09,4,1.5
1551,1533373.27,4,3.5
1552,157944.66,4,3
1553,1015638.01,1,2.5
1554,1525521.5,3,2
1555,1692554.4,1,2
1556,578953.98,5,2
1557,1537920.67,5,1
1558,1280406.98,4,3
1559,1031081.26,2,3.5
1560,1309745.95,1,1.5
1561,469803.25,1,1.5
1562,1547732.31,2,3
1563,1359378.25,1,4
1564,982368.1,2,4
1565,806637.5,5,3.5
1566,1546251.91,1,2.5
1567,897908.83,1,2
1568,468873.21,4,2
1569,461916.55,2,3.5
1570,324273.22,2,1
1571,1534085.89,5,3
1572,1088010.39,2,1.5
1573,1121423.72,4,1.5
1574,1656780.09,2,3
1575,1614427.61,4,3.5
1576,1971845.09,5,4
1577,1052665.17,2,1
1578,1196143.16,4,2
1579,1628245.7,1,2
1580,1590649.19,5,3
1581,1155144.79,2,4
1582,1943873.54,2,2.5
1583,1205601.97,2,3
1584,1812485.09,4,2
1585,1102385.91,5,2
1586,1558530.45,3,3
1587,1164968.65,4,2
1588,1475660.41,2,4
1589,699406.14,5,2.5
1590,627619.05,2,2.5
1591,1101873.73,5,3.5
1592,1978325.37,1,1.5
1593,789954.99,1,3
1594,1871765.17,5,2.5
1595,270747.7,3,3
1596,302914.01,3,3.5
1597,1219676.58,1,2
1598,1596005.36,5,2
1599,715808.59,2,2.5
1600,1676302.53,1,4
1601,1222026.52,2,1
1602,1698240.83,5,2.5
1603,1594665.93,3,3
1604,1912195.86,5,2.5
1605,393357.53,2,1.5
1606,1850476.26,3,1.5
1607,1392089.81,1,3.5
1608,1115517.95,3,1.5
1609,1028989.65,2,3.5
1610,472426.19,3,3
1611,1408714.17,5,2
1612,389599.99,5,1
1613,135110.98,4,2
1614,844056.06,5,1.5
1615,313322.83,5,2
1616,1383944.03,5,2
1617,1791521.18,5,2
1618,1562690.78,5,4
1619,1078749.62,2,3.5
1620,678897.52,1,2.5
1621,859505.86,5,3
1622,530028.69,2,2
1623,1131703.95,3,3
1624,920046.39,2,1
1625,1007189.8,4,3
1626,200032.38,5,3.5
1627,118668.34,5,3.5
1628,860113.11,4,4
1629,894127.73,5,2
1630,1291045.8,1,3
1631,1275064.59,5,1
1632,1753382.22,5,3.5
1633,883895.7,5,3
1634,333905.8,1,2.5
1635,271419.08,3,3.5
1636,1995634.31,4,3.5
1637,1185428.4,2,3.5
1638,1648954.02,1,1
1639,1301946.35,2,3.5
1640,957024.47,2,3
1641,1475890.79,1,3
1642,1051010.64,3,3
1643,1781303.94,4,2
1644,1423094.37,5,2.5
1645,1441828.94,4,3
1646,107332.8,2,4
1647,510309.36,4,2
1648,1150237.51,3,2.5
1649,409484.75,3,3
1650,1368605.63,4,3.5
1651,1790737.09,1,2
1652,573004.67,5,1.5
1653,1984272.73,1,1
1654,501773.74,4,2
1655,518745.81,1,4
1656,1054453.04,4,1.5
1657,948841.79,4,3
1658,1638515.56,3,1
1659,1925579.08,4,1.5
1660,1361892.24,4,3
1661,1241652.81,2,2.5
1662,1430586.03,1,1
1663,1172743.56,1,2.5
1664,1910172.22,1,3.5
1665,1955579.08,5,4
1666,1211613.86,3,2
1667,1844293.8,5,1
1668,1784723.37,3,3.5
1669,1995404.85,2,1.5
1670,1248903.41,3,2
1671,1744357.71,2,2
1672,1824169.74,1,4
1673,1557431.9,1,3.5
1674,421402.23,3,3
1675,794837.02,1,4
1676,131389.31,2,1.5
1677,265036.25,4,3
1678,175759.67,3,4
1679,266735.05,2,4
1680,890533.49,4,1
1681,392987.7,4,4
1682,952414.32,2,1
1683,1141386.23,4,1
1684,194125.43,3,1
1685,1830748.7,3,3
1686,1472927.24,4,3.5
1687,1321328.69,5,2.5
1688,378131.89,5,2.5
1689,1131254.1,2,2
1690,464762.53,4,1.5
1691,1232663.28,2,3.5
1692,1020413.69,5,4
1693,887987.83,1,3.5
1694,992108.21,4,3
1695,1009571.93,5,3.5
1696,1758606.76,1,1.5
1697,1186647.34,5,4
1698,733481.38,1,1.5
1699,1847266.78,5,2
1700,765368.62,5,4
1701,1775028.61,3,3
1702,1806069.2,5,3.5
1703,809788.73,3,1
1704,1890042.01,4,3.5
1705,1257442.38,3,2.5
1706,569979.02,2,2
1707,721969.06,2,1
1708,1617250.9,3,3
1709,1103475.98,2,1
1710,491486.55,2,1
1711,411249.37,3,2
1712,709130.44,5,2
1713,1946832.79,2,3.5
1714,626833.48,1,4
1715,1541043.02,3,2.5
1716,1275847.67,2,2.5
1717,1981701.28,5,4
1718,632461.49,4,1.5
1719,593987.11,5,1
1720,1379368.64,3,1
1721,1396031.21,4,3.5
1722,1794752.9,2,2
1723,1540117.3,4,1.5
1724,1840512.71,3,2
1725,1934665.21,3,3
1726,949364.71,5,2
1727,453627.77,4,1
1728,1599776.89,2,1.5
1729,467854.75,4,1.5
1730,1881563.87,2,4
1731,1530616.39,3,1.5
1732,890657.86,3,3.5
1733,1878471.52,2,2.5
1734,729262.25,1,1.5
1735,684646.54,4,1
1736,552473.95,1,1.5
1737,1511675.77,5,1
1738,1597443.03,3,2
1739,1627470.76,4,2
1740,1522105.35,5,1
1741,105440.01,3,1.5
1742,312857.84,2,1.5
1743,1393199.64,2,3
1744,1335843.71,4,2.5
1745,248740.52,1,3.5
1746,1103162.83,5,4
1747,1974734.51,2,4
1748,695092.16,5,4
1749,418358.7,3,2.5
1750,1274196.42,3,1.5
1751,570054.25,1,1.5
1752,1155725.61,4,2.5
1753,1138027.41,4,2.5
1754,790680.64,4,1
1755,1236903.93,3,4
1756,964735.68,4,2.5
1757,436241.3,1,1
1758,1305234.32,1,4
1759,1929477.1,3,2.5
1760,1156048.59,5,2
1761,797702.96,4,2.5
1762,1650251.39,5,1.5
1763,428754.27,1,2
1764,1883370.28,3,3
1765,1319464.19,5,1.5
1766,234527.48,2,4
1767,699866.3,5,1
1768,1369505.76,2,1.5
1769,1389916.0,2,2.5
1770,630464.59,3,1.5
1771,741038.15,4,4
1772,1873733.61,5,2
1773,1640787.03,1,2
1774,490176.85,2,4
1775,226334.91,1,2.5
1776,138847.6,2,2
1777,1856572.11,1,2.5
1778,540073.23,4,1
1779,1526717.51,4,2
1780,432016.84,2,3.5
1781,1162690.23,2,1
1782,1504692.4,4,4
1783,960456.2,1,4
1784,484941.82,1,2
1785,489798.35,3,4
1786,1436943.32,5,1.5
1787,1367003.45,4,1
1788,1422634.73,3,2
1789,1831382.45,4,3
1790,1270520.64,5,2
1791,584316.25,1,3
1792,1464804.34,4,1.5
1793,1041475.09,1,1.5
1794,176335.14,4,3.5
1795,1286865.71,2,4
1796,1306701.22,4,2.5
1797,1477337.61,1,1.5
1798,1050249.88,5,1.5
1799,250538.86,4,4
1800,1559217.13,2,1.5
1801,233419.85,5,4
1802,580011.42,2,2
1803,1573383.25,4,4
1804,102334.3,2,2.5
1805,666509.03,3,2.5
1806,845942.59,2,3
1807,1174681.15,5,2
1808,1978110.9,1,4
1809,531776.97,3,3.5
1810,1108101.85,3,1.5
1811,1669990.21,1,2
1812,1991173.67,5,1.5
1813,1627335.65,4,3
1814,368850.21,3,3
1815,1624090.36,1,1
1816,1657329.96,1,3.5
1817,752751.38,5,3.5
1818,1779225.67,3,4
1819,1217131.05,3,1.5
1820,413908.57,2,4
1821,1231304.32,5,2
1822,1133098.35,3,2.5
1823,1162290.25,4,4
1824,978706.04,3,2
1825,503314.48,3,4
1826,1822366.63,3,3
1827,1812785.79,3,4
1828,1563923.63,2,1.5
1829,111354.72,5,2.5
1830,277735.58,4,2.5
1831,1868361.32,3,3.5
1832,1348374.34,4,3
1833,553400.85,5,2.5
1834,754067.01,2,1
1835,1881130.1,4,2.5
1836,1225196.7,4,2
1837,1784183.77,4,3.5
1838,403423.2,4,2.5
1839,246259.89,1,3
1840,1364382.2,3,1
1841,1851199.57,4,3
1842,503905.58,1,2.5
1843,1164794.78,1,2.5
1844,159101.16,3,2.5
1845,1444911.67,2,1.5
1846,927255.76,3,1.5
1847,253571.28,3,4
1848,838405.21,4,1
1849,1772054.71,5,4
1850,844932.81,3,2.5
1851,199376.16,1,3.5
1852,1271490.8,2,3
1853,153615.06,3,2
1854,777176.52,3,1.5
1855,125865.39,4,1.5
1856,1404218.62,5,2.5
1857,1779276.14,5,4
1858,1625950.47,5,3
1859,548144.07,3,4
1860,306360.27,2,2.5
1861,549472.84,4,3
1862,198665.4,3,1
1863,782516.32,4,3
1864,1188991.48,5,1.5
1865,1433408.84,2,4
1866,485446.47,1,3.5
1867,1177661.41,1,4
1868,785421.63,4,2
1869,1401773.9,4,3
1870,283438.28,5,2
1871,1140685.11,5,2
1872,1643374.31,3,3.5
1873,129059.55,5,3.5
1874,1461917.6,1,1.5
1875,126274.64,1,3
1876,1001187.6,5,3.5
1877,1511972.61,1,1
1878,1236199.63,3,2.5
1879,446375.77,4,3
1880,1126889.4,1,1
1881,477667.17,4,3
1882,1880672.68,2,3
1883,320562.27,2,1.5
1884,459331.42,1,1.5
1885,993183.15,1,2
1886,1366595.16,5,4
1887,1381196.13,1,3
1888,152599.34,5,4
1889,142231.64,4,1.5
1890,137398.78,3,4
1891,792387.69,2,1
1892,468287.97,3,1.5
1893,1360966.03,3,3
1894,1023559.4,2,1.5
1895,1682945.5,3,1
1896,593915.37,3,1
1897,1123928.19,4,2.5
1898,346289.68,2,3
1899,1870978.14,1,2.5
1900,709920.64,1,4
1901,1996677.8,2,2.5
1902,573299.59,2,3.5
1903,455182.03,2,3.5
1904,134632.5,1,1
1905,746783.47,5,3
1906,177338.72,2,1.5
1907,923533.22,2,2
1908,826198.25,3,3.5
1909,1185492.98,2,1
1910,943554.34,3,1
1911,1691621.51,4,3.5
1912,775739.56,4,3.5
1913,839434.91,1,2
1914,1707042.39,4,1.5
1915,1354144.68,5,1.5
1916,600828.22,5,1.5
1917,1944597.69,5,2.5
1918,1502517.61,2,2
1919,337393.94,2,1.5
1920,718045.94,4,3.5
1921,1757503.92,2,1.5
1922,664827.77,5,4
1923,1792595.79,2,1.5
1924,1670923.48,1,2.5
1925,1530140.05,5,2.5
1926,1527523.79,5,1
1927,395463.64,3,4
1928,1696884.93,3,1.5
1929,626687.76,2,1.5
1930,339935.78,2,2.5
1931,117132.87,1,3
1932,1353234.69,2,1
1933,333046.55,1,2.5
1934,281930.16,3,2
1935,650217.23,4,1.5
1936,1573299.5,2,3
1937,547313.06,2,2
1938,1456812.59,4,1
1939,1773170.29,5,1.5
1940,1902735.21,5,2.5
1941,258277.96,3,1.5
1942,777376.31,5,1
1943,1451602.1,1,2.5
1944,1211274.01,5,3
1945,670729.8,3,3
1946,1678307.15,4,2.5
1947,1806179.79,1,4
1948,1679418.86,5,1.5
1949,1908615.25,5,4
1950,925836.38,2,2
1951,1213893.41,5,1.5
1952,1270476.51,4,4
1953,683774.91,5,2.5
1954,292223.53,3,2.5
1955,1125936.44,3,2.5
1956,357912.38,5,3.5
1957,1337967.96,5,4
1958,1133657.53,3,3.5
1959,502871.16,5,2.5
1960,1304497.7,4,1.5
1961,1584455.77,3,3.5
1962,253144.68,1,2
1963,1283477.8,3,1
1964,986470.87,1,2
1965,433488.46,2,1
1966,242991.95,4,3.5
1967,1804946.62,4,4
1968,1118752.91,2,1.5
1969,1125249.14,2,1.5
1970,484261.63,3,3
1971,887096.18,5,3.5
1972,1813283.59,3,3
1973,1839117.97,3,2.5
1974,676433.55,2,2.5
1975,192005.85,3,3
1976,458772.93,2,1.5
1977,1894848.86,4,2
1978,617370.96,1,3.5
1979,937229.95,3,4
1980,1060185.85,2,2.5
1981,321153.93,2,2
1982,360498.46,3,1
1983,244197.35,1,2.5
1984,1445297.7,4,1
1985,1578032.09,5,2.5
1986,923376.3,2,2
1987,537609.13,3,1.5
1988,821832.99,3,4
1989,237917.85,3,1
1990,129872.91,1,1
1991,150016.52,5,2.5
1992,1116800.63,3,2.5
1993,1056418.98,1,1
1994,1026433.34,3,4
1995,1396527.86,5,3
1996,714787.7,3,3.5
1997,376366.48,1,3.5
1998,1052249.13,5,1.5
1999,849379.17,3,3
2000,892536.0,2,1
